{
  "project_info": {
    "project_number": "305566527559",
    "project_id": "memo-pad-b49c0",
    "storage_bucket": "memo-pad-b49c0.appspot.com"
  },
  "client": [
    {
      "client_info": {
        "mobilesdk_app_id": "1:305566527559:android:fad6f0d2dca84bc39fc162",
        "android_client_info": {
          "package_name": "com.example.memopad"
        }
      },
      "oauth_client": [],
      "api_key": [
        {
          "current_key": "AIzaSyCkrL3Cv4Kce2CmxSyVkTqS1EkV7XoMehk"
        }
      ],
      "services": {
        "appinvite_service": {
          "other_platform_oauth_client": []
        }
      }
    }
  ],
  "configuration_version": "1"
}